{
  "mean": [
    -0.005887801346743738,
    0.08097664160166215,
    0.0015189484922429183,
    -0.0039458929764742655,
    0.056963326480812315,
    -0.012163115756900935,
    0.0010758674328279056,
    0.03270612418241386,
    -0.020434165417015204,
    0.0010306460910229367,
    0.00628316352910419,
    -0.028961244262967038,
    -6.551915516906437e-05,
    -0.01001921861068126,
    -0.026767272525115834,
    -0.0003432374248031665,
    -0.007249934019830782,
    0.0001450714275553919,
    0.0012502742033462114,
    -0.030135320092032004,
    -0.00711194769398786,
    0.0019454974355434076,
    -0.04387248230845232,
    -0.013005377053434792,
    -0.00027775210759806867,
    -0.05195351676545606,
    -0.029733532636087284,
    -0.0010572881013205667,
    -0.005088047648045653,
    0.005732219224803152,
    0.0017036987511257226,
    -0.03283545901780415,
    -0.009005130155980312,
    -0.0013771594231005181,
    -0.03890920842743114,
    -0.02259405652848243,
    -0.0002860503952273246,
    -0.04555677747726448,
    -0.02731942607301424,
    0.0001298359705406432,
    0.0026760181177693577,
    0.0005115592808090896,
    0.00013550389291493297,
    -0.015547838130234587,
    -0.01869954153991119,
    -0.000646197322567437,
    -0.012610703455798056,
    -0.030115598887801354,
    0.00010383371513843692,
    -0.008971138532540699,
    -0.03240169742680391,
    -0.004569262418351757,
    0.01885170735501638,
    -0.004849682965941633,
    -0.0016477363675231646,
    0.00319597658550177,
    -0.016033218058916002,
    -0.0006954195460435186,
    -0.000902907484398496,
    -0.027144470420359612,
    -0.0005772399558278965,
    0.0007422277469545713,
    -0.02873678392129837
  ],
  "scale": [
    0.028636979089478733,
    0.023644707239475992,
    0.026888858263861525,
    0.03490042491598431,
    0.021153463547584454,
    0.021866641192103835,
    0.03769046819804099,
    0.016635084816619225,
    0.020848039345281472,
    0.0370727054221624,
    0.014393003105286252,
    0.02390726739402856,
    0.03873632526994205,
    0.01796830790424653,
    0.02650904875589212,
    0.024579006155117888,
    0.007045485135437839,
    0.008074436600623512,
    0.026438367610003226,
    0.010712743627616426,
    0.010944032902328248,
    0.03052811001896913,
    0.022090792893873945,
    0.013947978915080659,
    0.036296330844348405,
    0.036583952448506346,
    0.018249705984053954,
    0.00350769727774434,
    0.0015198506905546442,
    0.002677122456321605,
    0.010947602659142727,
    0.01521443192818179,
    0.011807610258663519,
    0.017759274804032266,
    0.03306048656467078,
    0.013964362732263359,
    0.02423185448085526,
    0.04919567804571155,
    0.0173304117944362,
    0.01679434073297908,
    0.00520566138401119,
    0.005282546054058607,
    0.02057378129659909,
    0.016057693347257675,
    0.00983828270663936,
    0.019839004208248603,
    0.03110658530280432,
    0.012103027077519122,
    0.022240648961913734,
    0.04539663715339757,
    0.018752068782837094,
    0.029836313454933712,
    0.008271289165252072,
    0.010898594356369345,
    0.03471170696236843,
    0.01349550580569132,
    0.01134112821614564,
    0.03545179106776154,
    0.024475538921569204,
    0.013712291122780437,
    0.03685014355863953,
    0.03606170522152547,
    0.014365714691327332
  ]
}